TKNLJFOG,1
QMLYQVOM,6
UOFABOIN,7
XFPQJAVH,10
DOUTLQZU,18
IPZBYJRX,21
XYAKTQYW,26
XQVLBSVQ,50
CWTBNAIN,77
MJHTWQUE,79
KFVOXHRJ,5
MJRZMHLJ,9
MCHUQIKH,22
ZHQYKLKE,12
OPAINXAQ,2
RIUIVPDP,13
RTOYTCLE,17
EVVLORCI,8
FALVSTJZ,20
CXMWHIUA,11
POOTXPKS,3
WMMKTPXN,24
ELNTZEAX,36
XBQXPKRD,4
ALMCWEJT,14
YAVZONYS,23
AZILXCRM,35
VANOPQFX,95
GTYIHKPJ,19
YHDPMPEJ,99
XDNXVYLD,16
FFXPLCUC,53
BGOJOTUZ,15
YIBZHHAH,27
LXIYTNVA,28
CAFIGCML,81
XHTOISAR,88
LWLJPAVG,66
ZZYBGUPX,30
OBVBTMLF,97
EPGFZSAM,1
RFOGYMUD,7
NNUZQNCP,3
KATWXVAI,11
RDARQIWR,11
PQSVBJUJ,11
IQECPHVZ,13
AJELRNQK,17
EJGSAYAH,10
JEEFOXFT,17
XVSRIEPG,17
MHQNZQVG,17
ZOTHFTRC,20
DTPMOFGH,8
POKUFXVP,14
ZLMHWWNP,14
FLZSWGXE,24
JHZTKUVC,2
SRMENUKM,8
PLOKJWXF,21
WCULFKNT,4
SIAHOABR,2
RIIOJZXQ,2
JGVKYFQP,11
EWFEWQLL,12
LNAYPMUD,13
YKEMWEYG,19
HELQPDNQ,22
SCVTKRWK,24
TDZASNDZ,25
KUVGAZPV,27
HUBDAOJY,27
CNXDQJOU,29
SADKNADY,32
OXFSHBRH,34
XGNKZISW,37
CICAHGAN,47
CCWGXGRG,47
TYBYIPWS,53
TUBEZQTX,57
OUAUJCIH,67
KRKWAJWB,69
OCUUQECF,70
BYQGQUEU,91
OKNPVBEP,94
FXIMPQDK,97
EFQIDHML,3
WPHPPCMM,11
INHXFLOF,12
ESGIKVYF,13
VXODTEYX,15
LIPAMCPR,15
VLIXNPYI,16
ICTINBJJ,21
CGESTLCC,22
MUFNXJBS,25
SPBWIBHH,25
AKGYSVQQ,26
OMJTIYHJ,27
RJKGKLME,31
RLOFIZIA,51
PGFBLRKZ,51
LUKBUELB,56
HZYVUWSH,64
FHSGPCTN,64
IXHPBLPK,70
RHCNLDTP,72
LLJGYWYN,88
GRMZVDNT,90
ZQOGUPTU,17
YESJLOFO,23
GMQYMCGI,23
PZTRKMAK,24
JLWANNNW,25
FFNSKJKY,28
JUVRRBXI,29
JZRNLLUZ,33
HALGBBIU,34
WBMQELQX,57
CCGTVXZJ,67
BFCYCODF,72
BYTDCNTV,72
BFTFJKDR,13
MNKDZGHR,16
IPNDXHGR,32
WDYZHDMP,63
DRLUTPLI,78
JAWPTZOG,99
DUMVQHDU,95
UHZPJWJX,15
GICJAVKD,16
QKUBHVSM,33
LMYKNJDO,12
MDAORZIB,34
RXZPRCXS,43
KYDYMAQJ,25
IHDDVPNW,85
UKTRYZSP,84
BZJCFEJG,36
ROFEIKEN,46
HXZVGWBS,49
CUHJOGIV,59
NNAPMXNO,88
IXTMCPDJ,6
OERLVHNQ,19
SIJMFBZK,30
RWCJEGMO,31
IMSHYNUG,31
DJMBSTPX,31
VADJIPAF,31
SJQXSJAK,38
WBXEIGOC,39
LFILYLYP,40
WRGRLFZA,40
IRBBCRBL,42
IWXSFFYA,42
RUZGCHVH,42
KFWXDTYJ,42
QJADVWMT,42
EXBWFKLH,43
ARHWMPYO,44
QKAHXGPI,44
MGJHHJBB,45
RVYOBYNO,45
LEEZJBGD,47
AKDCYEDG,47
WFZPVTPE,49
VKWVKJXK,50
DMATFHBT,51
JYFPKRST,52
UJFRQNLL,61
WSPTYHUP,61
FKSDRCHW,62
QPFSCRVD,62
JBFKWCRH,62
CUXHRQLW,66
JFSALNHJ,69
KHYJNRNS,73
IZCNNBCG,73
VYIXLJVA,74
UJEJPKUW,74
LNCLKRFR,74
BWDMAMYW,74
KHWCSZEJ,75
DGAUCXDM,76
MFNLAPCB,78
IQMRSWRT,78
GFZDAIRU,80
AHDKIQEA,80
XNEHLGWT,82
IACYPSWO,83
XEUEXIWM,83
OKSSWETG,84
YGVXHRTD,86
YYUNVYLK,87
NAUYGDTV,87
MNHRZUZD,87
IPFVLZVK,88
ONSCQLAO,88
HIDBFAPZ,92
AMQQWGSK,93
LBLOWAJZ,97
OAKZVIWR,97
GXXIVBKP,98
KDWOOWQG,98
KJTHRFXS,13
BAHVGZBB,29
SFCNVURF,30
OTBXUPXW,31
LJJKHDFL,35
IVLTECZY,36
OFSRIGDX,38
WZXJRZNB,38
GWUEVTFJ,39
NCVWRXON,41
NTHXXHEH,44
OQYFBAWO,45
MNWUVVDA,47
FCFSSGHV,48
AAJXDWDL,52
PPNJACMJ,55
IPGMANEB,56
QYQCTBFQ,59
ZLJLROGA,61
HNPHHIZQ,62
WBXTEHYV,73
ZWGVBTLC,73
QCIIHJSD,74
CXVYGPBP,75
ZROUATEJ,78
BPROTNBC,80
PZPMMAPI,82
IZOJCHSL,86
ZRQCKZMJ,87
REDKURMX,88
LPKCWLNY,89
GGWFPRGY,92
VDESWENX,92
JCYMVWEI,93
DGVEQETZ,94
MBPSQLHB,96
OODUWYGE,22
IHWSGRHU,30
KNYQTDFR,35
ILSHYMEP,36
NVLSOXXR,39
UUQJZVRW,40
HOXQITIN,41
RBGQWMXV,42
IMFFPLII,42
BELVUBQV,47
HQSLGUSY,54
UZTKSTYH,55
NQOCWPXG,66
UQMYBDTY,73
ZCYMZSHP,75
DYYOQWUP,91
LWHGGMSC,97
BKECVZUB,98
MCRZSUVQ,39
EAKMFJUZ,61
ESNCSPLR,68
LYXBMEQN,39
DAYMYHYD,61
QXPUIKJB,75
QWRFWYOY,76
GEXGWZPB,86
XBSWPURJ,88
NQTEFWBB,90
PKJWOZBF,31
TQVOXQIL,45
BVLSMCAF,52
WNJEICPX,55
OUKSYAGH,55
BDWOPTDS,65
VUJOEZMX,76
JCFVOIUW,83
FINBEOHE,90
PNUKSWSM,41
GLTHYTPF,45
RZZGRQNF,46
HZFMMFEE,48
DTTAMRRQ,54
JOZEJAFN,56
UVCXMIOB,98
OKUGPADT,44
QPOXQJOD,46
MCKYTPXN,38
MTKEFTRD,45
NEXDFLQS,48
QWMRGVOG,59
MVJIKZQZ,60
ZTIGEPTN,69
ZEDJJBFS,82
QTQPZRZG,90
HEZXCBJU,93
PDFOCSJL,42
RGZZBELG,58
OQGHVZAZ,59
EBPKANCL,62
FRIKGGFG,68
OATTPAPT,65
RONPOZEI,80
VEPETFYN,98
